Make,Model,Year,Engine Size,Mileage,Fuel Type,Transmission,Price
Honda,Model B,2015,3.9,74176,Petrol,Manual,30246.20793120509
Ford,Model C,2014,1.7,94799,Electric,Automatic,22785.747684331353
BMW,Model B,2006,4.1,98385,Electric,Manual,25760.290347165286
Honda,Model B,2015,2.6,88919,Electric,Automatic,25638.00349070714
Honda,Model C,2004,3.4,138482,Petrol,Automatic,21021.386657394465
Ford,Model C,2015,2.7,81462,Electric,Manual,25509.93287629353
Audi,Model B,2000,1.3,179340,Diesel,Manual,12268.206025234887
Audi,Model C,2018,2.0,165320,Electric,Automatic,27783.737880991695
Honda,Model A,2004,4.4,31159,Electric,Automatic,27392.178420524957
Ford,Model C,2006,4.4,42039,Electric,Automatic,28434.53362361644
Audi,Model C,2018,2.1,47800,Electric,Automatic,29404.954005061834
Ford,Model B,2021,4.5,40761,Diesel,Manual,36811.01281668896
Ford,Model A,2004,4.0,94626,Petrol,Automatic,25205.003959368507
Honda,Model D,2016,3.1,118368,Diesel,Manual,27796.075501353043
Honda,Model D,2021,1.1,174735,Diesel,Manual,23521.88168354501
Toyota,Model E,2007,4.2,80903,Petrol,Manual,26493.183231202293
Audi,Model C,2000,3.0,171484,Electric,Automatic,16626.379445014078
Audi,Model C,2001,4.0,118998,Petrol,Automatic,21122.1891416249
Audi,Model A,2014,3.9,166439,Petrol,Manual,21853.33258714576
BMW,Model D,2019,3.9,136885,Diesel,Manual,34716.98001970374
Ford,Model E,2017,3.4,59894,Petrol,Manual,32761.645499094433
Honda,Model A,2010,2.0,51444,Electric,Manual,23469.161589430896
Audi,Model C,2009,2.2,165341,Diesel,Automatic,20093.070808766803
Toyota,Model D,2003,2.1,61748,Electric,Manual,18920.31855483959
Audi,Model E,2004,1.1,41190,Diesel,Automatic,20152.09690167459
Ford,Model B,2003,3.0,40318,Electric,Automatic,21520.122917748406
Ford,Model D,2012,3.4,168090,Petrol,Automatic,23293.130308719145
Honda,Model E,2012,4.0,124078,Petrol,Automatic,23633.389547739884
BMW,Model A,2017,1.5,39759,Petrol,Manual,29288.89578862573
Honda,Model B,2001,2.9,16498,Electric,Automatic,25839.54216182566
Audi,Model E,2015,1.0,25989,Diesel,Manual,25546.588800832753
Toyota,Model E,2000,1.3,156640,Diesel,Automatic,14089.788408398124
Honda,Model C,2018,1.2,117035,Diesel,Manual,22788.321295955182
BMW,Model D,2008,3.5,66577,Petrol,Manual,27694.611928539816
Honda,Model C,2002,1.3,105231,Electric,Manual,15961.213902875083
Ford,Model B,2006,3.5,161171,Diesel,Manual,22519.390250093842
Audi,Model E,2009,1.9,89900,Electric,Manual,19181.81635933002
Audi,Model C,2000,4.1,171711,Diesel,Automatic,16604.498169800227
Audi,Model D,2009,3.8,104679,Petrol,Manual,23648.417357426908
Audi,Model B,2020,4.4,23482,Electric,Automatic,37032.60751681
Audi,Model A,2008,4.1,69212,Diesel,Manual,28849.579398883176
Audi,Model C,2014,4.3,186333,Diesel,Automatic,25844.62473356537
Toyota,Model B,2014,4.0,30048,Diesel,Automatic,31479.64694321859
BMW,Model A,2002,3.4,134137,Diesel,Automatic,14502.975868116162
Audi,Model C,2004,1.6,133108,Petrol,Manual,17622.004589515123
BMW,Model B,2008,2.0,35814,Diesel,Automatic,26785.398168634143
Audi,Model B,2021,1.7,190766,Diesel,Manual,28722.71774326649
Honda,Model C,2008,3.1,147996,Petrol,Manual,20951.409558578678
Audi,Model B,2006,2.8,129493,Diesel,Automatic,19794.718978131823
Ford,Model E,2011,4.0,60204,Electric,Automatic,30130.309562576305
Toyota,Model C,2008,4.3,32844,Electric,Manual,29445.48311355711
Honda,Model B,2005,2.4,81943,Diesel,Manual,24753.596814526412
Honda,Model A,2001,2.8,21518,Petrol,Manual,22407.72268350372
Ford,Model A,2008,4.4,148131,Petrol,Manual,23895.75456201794
Audi,Model E,2016,2.0,23052,Petrol,Manual,31599.826148544693
Toyota,Model C,2000,3.8,69803,Diesel,Manual,23726.57862526377
Honda,Model B,2018,1.8,71524,Diesel,Automatic,30346.215343516058
Toyota,Model B,2005,3.4,89572,Electric,Manual,22948.26789714067
Honda,Model A,2004,1.9,139752,Petrol,Manual,20338.96900473741
Audi,Model E,2001,4.1,67021,Diesel,Automatic,21021.26925344609
Honda,Model A,2008,3.0,20043,Diesel,Automatic,24750.239377055193
Honda,Model A,2013,1.7,2419,Diesel,Automatic,31337.129832918512
BMW,Model E,2003,1.8,187964,Petrol,Manual,14716.4991509295
Audi,Model C,2003,2.7,121831,Petrol,Automatic,21650.08173175999
Ford,Model B,2020,4.4,101799,Electric,Automatic,32908.9919162183
Ford,Model C,2014,3.7,148212,Petrol,Manual,25975.3181829386
Audi,Model D,2007,2.7,174556,Diesel,Manual,16516.158281751552
Ford,Model D,2003,2.2,194941,Electric,Manual,15099.270863365697
Audi,Model D,2015,2.9,176282,Petrol,Manual,26209.114472633504
Ford,Model E,2020,3.6,57600,Petrol,Automatic,33433.34058814334
BMW,Model A,2003,3.7,116467,Petrol,Manual,23440.806391480455
Ford,Model C,2015,2.1,78497,Petrol,Automatic,28083.897918787236
Honda,Model B,2021,3.5,108611,Diesel,Manual,29044.03396667674
Audi,Model D,2011,3.3,137559,Petrol,Automatic,25936.310663505436
Toyota,Model C,2015,4.4,60692,Diesel,Manual,31637.942553880304
Toyota,Model D,2018,4.3,62112,Diesel,Manual,32975.09518341061
Audi,Model D,2007,3.8,162182,Diesel,Manual,26186.290378010654
BMW,Model B,2005,3.5,16360,Electric,Automatic,28876.606733663037
Ford,Model E,2009,2.0,180482,Diesel,Automatic,17198.895951445586
BMW,Model A,2004,4.0,83038,Petrol,Automatic,24977.176126019443
Toyota,Model E,2017,2.5,3017,Electric,Manual,32422.389852716446
Audi,Model C,2009,2.0,86261,Petrol,Automatic,26559.13630867799
Audi,Model E,2009,2.3,191196,Diesel,Manual,18619.12116092821
BMW,Model C,2006,3.9,182021,Petrol,Manual,25114.947306661936
BMW,Model C,2017,1.5,189340,Electric,Manual,18439.53460515992
Ford,Model A,2000,2.6,66320,Electric,Automatic,20819.294492658613
Honda,Model B,2006,2.7,31127,Petrol,Manual,24317.939115606892
Honda,Model A,2020,1.1,134268,Petrol,Automatic,23496.94278916075
Ford,Model E,2000,1.7,75088,Petrol,Manual,17699.356990781285
Honda,Model C,2014,3.9,172372,Electric,Manual,23758.786640002247
Toyota,Model D,2003,3.9,180786,Diesel,Manual,22721.043609971242
Honda,Model D,2019,2.0,31921,Petrol,Automatic,33749.07065768503
Ford,Model C,2009,4.1,4746,Diesel,Automatic,32267.989022928246
Honda,Model A,2008,3.7,68535,Electric,Manual,26024.54621022126
Audi,Model B,2001,2.5,65350,Petrol,Automatic,19866.033914444622
BMW,Model A,2013,3.6,181417,Petrol,Automatic,25112.76748295554
Toyota,Model C,2015,4.4,180292,Electric,Manual,26885.701902472352
Audi,Model C,2000,2.6,81131,Petrol,Manual,19853.79809280083
Audi,Model B,2001,1.8,22063,Diesel,Automatic,23079.23601460086
Ford,Model E,2006,4.3,117116,Electric,Manual,26526.341081820985
BMW,Model E,2009,3.1,88913,Electric,Manual,24946.269939946054
BMW,Model B,2021,1.4,78946,Petrol,Automatic,26778.048174623844
Toyota,Model E,2019,3.0,177043,Electric,Automatic,23005.618666345974
Ford,Model D,2000,2.8,134670,Petrol,Manual,18367.763348682925
Toyota,Model E,2012,4.0,10564,Petrol,Automatic,36806.29194626599
Honda,Model E,2000,2.9,49725,Electric,Automatic,20092.42346009751
Audi,Model E,2004,1.9,86134,Petrol,Manual,22692.238162068115
Toyota,Model D,2015,3.4,105940,Diesel,Manual,26651.88768130642
Audi,Model E,2014,2.9,191012,Diesel,Manual,21301.336928173827
Ford,Model D,2016,1.8,62085,Petrol,Manual,29325.596960235664
Honda,Model B,2015,3.0,17862,Diesel,Automatic,31096.38368667561
Ford,Model A,2012,3.9,10265,Petrol,Automatic,32783.269592980956
Honda,Model B,2010,1.1,140777,Diesel,Manual,19619.33951242473
Honda,Model A,2016,3.2,186351,Electric,Manual,22734.554676473184
Audi,Model B,2016,2.2,62471,Petrol,Manual,30066.645111840397
Ford,Model A,2001,2.0,91080,Petrol,Manual,18822.83562553442
Ford,Model A,2012,2.4,194051,Petrol,Automatic,17320.429502165516
Toyota,Model C,2013,2.2,55828,Petrol,Automatic,25323.63196173479
Ford,Model A,2010,3.9,116884,Petrol,Manual,19722.494305080218
Toyota,Model A,2009,2.0,108007,Petrol,Manual,22203.63406434929
BMW,Model C,2002,3.6,46104,Electric,Automatic,27502.93292669767
BMW,Model E,2016,1.3,40934,Electric,Automatic,25459.000344440086
BMW,Model E,2014,4.3,114420,Diesel,Automatic,30050.07651667699
Ford,Model C,2008,3.2,6050,Petrol,Automatic,29958.634768123815
Ford,Model D,2009,3.5,175024,Diesel,Manual,20245.044948824983
Toyota,Model A,2007,2.0,8484,Diesel,Automatic,29148.868312636343
Honda,Model A,2020,2.4,62648,Electric,Automatic,30122.279119550163
Toyota,Model C,2012,1.8,59945,Diesel,Automatic,29623.28675967311
BMW,Model C,2017,4.3,184750,Electric,Manual,23591.142061999555
Toyota,Model D,2004,2.7,31323,Diesel,Manual,24295.578896817515
Honda,Model E,2005,3.2,86332,Petrol,Automatic,23282.89595196669
Ford,Model B,2016,3.6,94605,Diesel,Automatic,29388.523957358637
Toyota,Model E,2010,2.3,166433,Electric,Manual,21711.01196857656
BMW,Model A,2019,3.5,10315,Electric,Manual,41780.5046353258
BMW,Model C,2015,3.4,47968,Electric,Automatic,31811.732307069513
Ford,Model D,2008,3.5,157591,Diesel,Manual,22168.930485250956
Toyota,Model E,2001,2.7,9107,Diesel,Automatic,22252.250952864957
Honda,Model D,2004,2.3,55781,Electric,Manual,19030.737054692494
Ford,Model E,2000,1.8,3869,Petrol,Automatic,24747.071662736176
Toyota,Model A,2003,3.9,80983,Petrol,Automatic,23157.28168816858
Audi,Model B,2003,3.1,158442,Diesel,Manual,23986.216706491232
BMW,Model D,2021,2.6,193767,Diesel,Automatic,26748.073236771113
Honda,Model D,2002,4.3,191494,Electric,Manual,19708.418946895927
Honda,Model B,2008,1.2,7971,Diesel,Manual,25789.70779178422
Honda,Model D,2021,4.0,96805,Diesel,Manual,33467.70353011093
BMW,Model D,2011,4.5,25651,Electric,Automatic,30828.316109272462
Toyota,Model E,2009,4.1,56974,Electric,Automatic,25348.2945923593
Ford,Model E,2001,3.8,23446,Diesel,Automatic,24826.32974696832
Toyota,Model B,2010,2.3,169180,Petrol,Manual,20104.287551612528
Ford,Model A,2009,1.8,3823,Diesel,Automatic,25613.21539754382
Honda,Model D,2021,3.6,144526,Petrol,Automatic,26901.532900080103
Toyota,Model A,2005,2.1,135004,Petrol,Automatic,17453.37937007505
Honda,Model B,2017,1.6,141292,Petrol,Automatic,25706.864933945883
Audi,Model B,2001,3.8,67965,Electric,Manual,25198.141568788295
Honda,Model E,2001,2.1,159280,Electric,Automatic,16078.81959180701
Honda,Model D,2009,4.2,10510,Electric,Manual,32548.69585260059
Ford,Model C,2015,3.9,175117,Diesel,Manual,23280.283064811338
Audi,Model B,2011,4.0,141609,Electric,Manual,23828.70041649039
Honda,Model D,2000,3.7,105935,Electric,Manual,21725.28014875638
Honda,Model A,2020,4.1,69134,Diesel,Automatic,31734.282338134355
Audi,Model E,2007,3.8,72254,Diesel,Automatic,26704.09649617642
Audi,Model A,2015,3.1,144854,Petrol,Automatic,22932.250811894453
Toyota,Model B,2017,2.0,114780,Diesel,Manual,22461.774141132773
Ford,Model B,2012,4.1,125544,Diesel,Automatic,28394.957512089753
Audi,Model A,2014,3.9,65587,Electric,Manual,32574.74170435552
Audi,Model B,2020,2.7,82238,Petrol,Automatic,29026.458012185114
BMW,Model D,2011,1.1,75720,Petrol,Automatic,19873.07483505823
Audi,Model B,2007,3.2,78004,Diesel,Automatic,20583.055621974196
Ford,Model E,2009,1.2,22072,Electric,Manual,28480.40029906886
Honda,Model D,2013,4.2,81015,Electric,Automatic,30072.03170700992
Honda,Model C,2004,4.4,72746,Electric,Manual,24946.713405663508
Honda,Model B,2017,1.7,176774,Electric,Manual,21333.476872345043
Honda,Model B,2018,3.4,102260,Diesel,Manual,25860.335499702138
BMW,Model E,2014,1.3,137129,Electric,Automatic,22983.346947532464
Audi,Model E,2005,3.6,128259,Petrol,Automatic,26287.265383770668
Honda,Model A,2010,2.2,30916,Petrol,Manual,25288.685982241248
Toyota,Model A,2020,3.4,27268,Diesel,Manual,39203.51407329373
Honda,Model A,2010,2.3,175050,Electric,Manual,19614.6902010778
Audi,Model E,2019,1.5,23259,Electric,Manual,33670.556257087344
Honda,Model A,2019,2.4,184655,Electric,Manual,24681.69208859138
BMW,Model A,2020,1.4,79400,Electric,Automatic,28442.26237800999
Ford,Model C,2017,3.0,34293,Diesel,Automatic,35473.20148503057
Ford,Model A,2017,1.1,111581,Electric,Automatic,25686.357877203704
Audi,Model B,2009,2.8,7043,Diesel,Manual,29497.54615666564
Ford,Model E,2001,4.1,181502,Electric,Manual,14742.226323856292
Ford,Model D,2008,3.9,107009,Electric,Automatic,22435.13286828753
Toyota,Model C,2013,4.1,38893,Petrol,Automatic,32672.459948037842
Audi,Model E,2018,4.2,171714,Diesel,Manual,30749.866610742483
Audi,Model E,2009,1.4,161940,Petrol,Manual,18459.902134492586
Ford,Model B,2003,1.5,26309,Diesel,Manual,21001.94072224211
Ford,Model A,2005,2.9,23284,Electric,Automatic,22457.45922165679
Ford,Model B,2013,4.1,126801,Electric,Manual,25792.779885032436
BMW,Model A,2003,4.4,113259,Diesel,Manual,23899.012258394072
Honda,Model A,2014,1.2,100804,Petrol,Manual,21646.886695508478
BMW,Model E,2015,2.2,69000,Diesel,Automatic,25521.107459205068
Audi,Model A,2006,1.7,84179,Diesel,Manual,21088.81547304672
Toyota,Model C,2016,3.6,193179,Electric,Automatic,27437.87334024478
Honda,Model C,2018,3.2,65049,Petrol,Manual,32516.988775776834
Toyota,Model C,2018,1.4,29265,Diesel,Manual,29908.493570740233
Audi,Model E,2016,2.7,23880,Petrol,Automatic,31582.972761520843
Audi,Model B,2005,3.4,84579,Petrol,Manual,25173.403404714278
Toyota,Model D,2010,3.7,131327,Diesel,Automatic,24613.38684843462
Toyota,Model A,2015,1.1,132574,Petrol,Manual,21249.13676464303
Toyota,Model D,2007,4.1,65424,Electric,Automatic,28905.18791851654
Audi,Model B,2010,3.0,70966,Electric,Manual,26000.909435675356
Ford,Model B,2006,3.8,172438,Electric,Automatic,18600.90519506473
Toyota,Model E,2021,3.8,158497,Electric,Automatic,32061.750020259577
Honda,Model C,2018,1.7,183400,Petrol,Manual,18490.145409903835
Audi,Model C,2009,1.4,67396,Electric,Automatic,25966.84564913463
BMW,Model B,2008,3.5,71694,Diesel,Manual,27428.210493015526
BMW,Model E,2003,1.5,136878,Electric,Automatic,14717.798534521346
Honda,Model E,2014,4.0,17106,Diesel,Manual,33193.20910777398
Ford,Model A,2012,3.5,56731,Diesel,Manual,28305.723198605465
Toyota,Model C,2001,3.9,75010,Electric,Manual,25164.951456710096
Audi,Model B,2001,2.0,32599,Electric,Manual,23445.91250499211
Toyota,Model D,2015,2.1,71326,Petrol,Automatic,28056.427042160187
Audi,Model C,2008,3.3,75706,Diesel,Manual,27307.46616196713
BMW,Model A,2012,1.1,9004,Electric,Manual,26520.13514982756
Toyota,Model E,2002,3.5,115018,Petrol,Manual,24772.450190387957
Honda,Model B,2008,3.9,182436,Electric,Manual,24125.413766915255
Ford,Model C,2012,2.5,25792,Electric,Manual,27756.38856335729
Honda,Model D,2020,3.7,195984,Electric,Automatic,28222.52343206645
Ford,Model A,2021,1.6,54645,Diesel,Manual,31414.914571820114
Toyota,Model A,2001,2.1,7232,Electric,Automatic,22818.87668942465
Toyota,Model C,2007,4.4,54766,Petrol,Automatic,27885.18671150585
Ford,Model D,2008,4.5,120601,Electric,Manual,28398.966023555608
BMW,Model A,2015,2.8,81588,Electric,Manual,27991.21249394888
Audi,Model B,2001,4.3,179614,Petrol,Automatic,19639.643780672908
Honda,Model A,2005,2.8,5913,Petrol,Automatic,29606.558130928162
Honda,Model D,2021,2.0,112406,Diesel,Automatic,32946.378001395686
Honda,Model E,2007,1.9,113693,Diesel,Manual,19562.10010603887
Toyota,Model E,2004,4.3,93449,Diesel,Automatic,24485.749498157784
Honda,Model C,2008,1.6,10567,Diesel,Automatic,25819.65802388573
Audi,Model D,2000,3.0,38379,Petrol,Manual,23274.52286547603
Audi,Model A,2008,2.9,319,Electric,Automatic,29536.759777223786
Ford,Model A,2009,3.6,90005,Electric,Manual,25219.392983725997
Toyota,Model E,2003,2.7,110990,Electric,Automatic,17818.117960774347
Audi,Model E,2002,2.0,4791,Diesel,Manual,27268.100489699496
BMW,Model B,2009,1.6,131401,Petrol,Automatic,21354.115001607566
Toyota,Model E,2014,3.2,61032,Petrol,Manual,28511.328533321026
Toyota,Model B,2010,3.5,175150,Petrol,Manual,23116.726015841465
Audi,Model A,2013,3.0,88662,Electric,Automatic,30732.80105190751
BMW,Model B,2005,3.6,21300,Diesel,Manual,26058.956762448688
Ford,Model B,2011,1.5,75700,Petrol,Automatic,24137.28042615392
Audi,Model C,2012,4.1,182017,Diesel,Manual,21319.42051819694
BMW,Model E,2016,3.0,55609,Petrol,Manual,29982.866752252357
Toyota,Model B,2015,1.4,191634,Diesel,Manual,20951.490772229114
BMW,Model A,2002,2.6,90045,Petrol,Manual,18468.303488089983
Toyota,Model D,2001,4.0,61901,Diesel,Manual,24030.54726178305
Audi,Model B,2010,4.1,5703,Petrol,Manual,33514.704599059834
Audi,Model E,2008,1.9,63115,Petrol,Manual,24822.650264465177
Honda,Model C,2002,3.5,27676,Diesel,Automatic,23300.936638142277
Honda,Model A,2017,1.3,192782,Diesel,Automatic,21208.44974980448
Honda,Model C,2019,1.1,191149,Electric,Manual,22259.987674374755
Audi,Model D,2014,3.0,121332,Diesel,Manual,26149.371033372063
Ford,Model B,2013,3.4,176512,Petrol,Manual,25653.078618633386
Audi,Model B,2001,3.8,167995,Petrol,Automatic,17521.355362720617
BMW,Model E,2016,2.2,29802,Diesel,Manual,30734.868925583025
Audi,Model B,2021,1.0,90331,Electric,Automatic,24653.04942589353
Audi,Model A,2007,2.7,193976,Diesel,Manual,14999.948313633242
Toyota,Model D,2009,1.1,191234,Petrol,Manual,17700.457962430544
Toyota,Model C,2017,1.3,124786,Petrol,Manual,23901.824940859657
Toyota,Model D,2018,2.1,65169,Electric,Manual,28014.714857767805
Audi,Model B,2007,2.5,68147,Diesel,Manual,21962.337971809284
Ford,Model C,2007,2.0,22075,Petrol,Automatic,27050.454763526683
BMW,Model E,2002,3.0,82015,Petrol,Manual,18883.221254734344
BMW,Model D,2002,1.2,9304,Petrol,Automatic,23920.55493637738
Ford,Model C,2011,1.5,129851,Diesel,Automatic,21909.44474086523
Ford,Model C,2021,3.4,120729,Diesel,Manual,27347.9672239703
BMW,Model C,2016,1.5,59622,Electric,Manual,27270.82282975728
Honda,Model A,2003,3.2,54215,Petrol,Manual,29496.699750732703
Toyota,Model D,2016,1.2,73973,Petrol,Automatic,28080.18656892695
Toyota,Model C,2013,2.4,108654,Electric,Automatic,23211.245641624682
BMW,Model D,2018,1.6,143593,Petrol,Automatic,25453.761364477417
Ford,Model C,2008,1.4,24028,Electric,Manual,21766.77374092624
Honda,Model E,2020,3.0,39328,Electric,Automatic,30290.971647787752
BMW,Model E,2011,4.2,27301,Petrol,Automatic,31400.338660064568
Toyota,Model E,2004,1.2,38015,Diesel,Automatic,22602.55453715815
Audi,Model B,2010,2.5,36845,Diesel,Manual,28780.410637842837
Ford,Model C,2019,3.5,86818,Diesel,Automatic,32809.467449106734
Audi,Model B,2002,2.6,76394,Diesel,Automatic,22369.8002250704
BMW,Model D,2020,3.8,175231,Petrol,Manual,24610.4677458078
Toyota,Model B,2014,1.6,43714,Electric,Manual,26892.43672970543
Honda,Model D,2013,4.4,80722,Electric,Manual,32201.263783262446
Audi,Model D,2010,2.3,25230,Petrol,Automatic,28225.08185321485
Honda,Model D,2019,2.2,92554,Diesel,Automatic,28636.512064114653
Toyota,Model B,2007,4.1,49262,Electric,Automatic,28895.35173382063
Audi,Model C,2003,3.0,41722,Petrol,Manual,25038.93975955444
Honda,Model B,2011,2.8,177431,Petrol,Automatic,17298.65543404631
Honda,Model C,2007,3.5,62796,Diesel,Manual,28669.982285270788
Audi,Model C,2005,3.0,171231,Petrol,Manual,18717.384185026425
Toyota,Model D,2014,1.6,87052,Electric,Automatic,26262.572914971122
Honda,Model B,2011,3.4,100808,Electric,Automatic,21648.308989591565
BMW,Model C,2015,1.5,136311,Petrol,Automatic,26006.433808281246
Audi,Model E,2015,3.8,91951,Electric,Manual,27189.626712454243
Ford,Model C,2020,4.5,50886,Petrol,Manual,40538.38206406105
Ford,Model E,2019,2.3,103424,Electric,Automatic,32167.2807744579
Toyota,Model B,2019,2.6,158267,Diesel,Manual,23136.817961155073
BMW,Model B,2003,1.2,104697,Electric,Automatic,19299.223372518383
Honda,Model B,2010,1.0,96299,Diesel,Automatic,19150.62628419968
Ford,Model C,2012,4.2,165746,Diesel,Automatic,23833.88792825096
Toyota,Model A,2008,1.5,149177,Petrol,Manual,17307.484798045665
BMW,Model C,2003,2.6,160811,Diesel,Manual,18555.311346758783
BMW,Model C,2011,3.9,163041,Electric,Automatic,24797.223580858805
Toyota,Model D,2008,4.1,14497,Electric,Automatic,28071.968356653102
Toyota,Model D,2012,2.8,132888,Diesel,Manual,24835.50280680622
Honda,Model C,2015,3.0,118915,Petrol,Automatic,26146.031747013116
Toyota,Model E,2005,3.3,92019,Diesel,Manual,19857.94423667752
Honda,Model D,2009,4.4,190326,Electric,Automatic,21915.635472461978
Honda,Model C,2012,3.1,109017,Electric,Manual,29070.003706986696
Audi,Model A,2006,3.0,69385,Diesel,Automatic,23730.18745759413
BMW,Model E,2018,1.1,105153,Diesel,Manual,21271.276377948187
BMW,Model B,2018,1.3,33826,Diesel,Automatic,30537.633465497012
BMW,Model C,2016,3.0,110034,Electric,Manual,25643.27963058028
Audi,Model C,2012,4.3,194437,Electric,Manual,24307.007860824895
Honda,Model E,2012,4.0,84242,Electric,Manual,28443.927009183644
Honda,Model D,2020,4.4,123066,Petrol,Manual,35170.040464273756
Toyota,Model D,2001,2.8,50100,Electric,Automatic,22252.433351071624
Audi,Model D,2009,3.8,125170,Electric,Manual,22552.321449320447
Toyota,Model B,2021,3.9,135431,Petrol,Manual,29590.754791876352
Audi,Model E,2012,3.3,96205,Petrol,Automatic,24332.19770190073
Toyota,Model E,2008,2.2,12809,Petrol,Manual,26341.020576671184
Ford,Model D,2000,2.6,64450,Petrol,Automatic,24517.081465674222
BMW,Model D,2013,4.0,38428,Petrol,Manual,34075.536078845515
BMW,Model A,2015,2.0,72790,Petrol,Manual,30942.881006388172
Honda,Model A,2019,4.2,111126,Diesel,Manual,32302.20019179345
Ford,Model C,2014,1.8,90321,Diesel,Manual,25370.1504152862
BMW,Model C,2000,3.6,2093,Diesel,Manual,24098.76388335786
Honda,Model E,2016,3.2,44498,Diesel,Manual,31714.43557797456
Ford,Model E,2012,3.6,116251,Electric,Automatic,26126.727438041304
BMW,Model B,2014,2.5,40985,Petrol,Automatic,30508.004729284316
Toyota,Model B,2015,4.3,32009,Electric,Manual,31255.0400424142
Audi,Model A,2015,3.2,128515,Petrol,Manual,26579.614908620162
Ford,Model C,2001,2.0,17718,Petrol,Automatic,19467.105751971136
Honda,Model A,2016,3.2,16705,Electric,Automatic,33239.97518511037
Ford,Model A,2010,2.0,87618,Diesel,Manual,24970.603763018407
Honda,Model C,2007,2.0,62598,Electric,Manual,20127.079816822334
Ford,Model B,2019,2.4,77878,Electric,Manual,26726.59549262799
Honda,Model C,2002,4.0,12239,Petrol,Manual,24796.089958704466
BMW,Model D,2011,2.8,46622,Petrol,Manual,27413.65008271336
Toyota,Model D,2019,3.4,46665,Petrol,Manual,30171.780774339113
BMW,Model D,2015,2.4,32274,Diesel,Automatic,32443.280444305463
Toyota,Model E,2013,1.9,142491,Electric,Manual,23047.755963016072
BMW,Model B,2015,4.3,108368,Electric,Manual,30879.679159468677
BMW,Model B,2020,3.1,146075,Diesel,Automatic,24718.15422877333
Ford,Model E,2016,4.3,161938,Electric,Automatic,30089.456171056445
Audi,Model A,2010,1.7,153060,Electric,Automatic,21046.218880197124
Honda,Model D,2016,1.5,186966,Petrol,Automatic,19287.00872024147
Honda,Model D,2018,4.0,108563,Diesel,Manual,27488.314150590402
Honda,Model A,2021,3.4,136746,Petrol,Automatic,29310.445553862184
Toyota,Model C,2000,1.7,93103,Diesel,Automatic,16811.987175277452
Honda,Model C,2011,1.9,66446,Petrol,Manual,24127.84632888608
Honda,Model B,2014,3.8,29072,Electric,Automatic,30735.536007843533
Ford,Model E,2017,2.6,33717,Diesel,Automatic,32457.02181468817
BMW,Model B,2013,3.3,157723,Diesel,Manual,19012.699960941336
Honda,Model C,2000,2.1,117202,Petrol,Manual,20199.75558066418
Audi,Model A,2012,2.3,175363,Diesel,Manual,22828.08297743224
Honda,Model B,2014,4.5,122389,Electric,Manual,29301.92037659096
Toyota,Model D,2006,1.9,109525,Electric,Manual,20035.57885909501
Toyota,Model D,2014,2.8,194422,Electric,Manual,24045.001311107168
Toyota,Model A,2019,4.0,4646,Petrol,Manual,36183.181687812605
Honda,Model C,2009,1.8,39713,Diesel,Automatic,24557.49103095305
Ford,Model D,2013,2.5,67936,Petrol,Automatic,29380.636135712197
Audi,Model D,2005,3.2,175403,Electric,Manual,23316.64145009985
Honda,Model E,2013,2.7,22185,Diesel,Automatic,27848.736353178723
Ford,Model B,2021,2.6,84263,Electric,Manual,31336.44862695357
Ford,Model C,2011,2.3,52107,Diesel,Automatic,24321.86624424491
Honda,Model B,2010,3.1,197626,Diesel,Manual,21321.979364521718
Honda,Model C,2019,3.2,17563,Petrol,Automatic,32465.487043249
Ford,Model D,2021,3.3,70729,Diesel,Manual,34986.64651382352
Ford,Model E,2018,1.2,15701,Electric,Automatic,29414.711196077504
Ford,Model B,2001,3.2,179289,Diesel,Manual,17028.507338409574
Honda,Model D,2021,4.3,175682,Electric,Automatic,32578.13019491117
Ford,Model C,2019,2.9,181203,Petrol,Automatic,23773.84416177527
Toyota,Model B,2000,3.5,128331,Electric,Manual,20953.134388211183
Honda,Model B,2007,2.9,160482,Diesel,Automatic,19008.993116232603
Toyota,Model D,2013,4.0,99280,Electric,Automatic,30928.595087686277
BMW,Model B,2008,4.3,189787,Electric,Automatic,25684.160897660648
Honda,Model E,2001,1.6,38665,Diesel,Automatic,20240.93560425007
BMW,Model E,2004,2.5,15957,Electric,Automatic,20813.969200477506
Ford,Model D,2007,2.4,179199,Diesel,Manual,16963.77587569682
Ford,Model C,2015,2.4,194661,Petrol,Manual,26432.22264804351
Audi,Model D,2021,1.4,46008,Electric,Automatic,28815.371613620602
Ford,Model E,2015,3.8,61920,Petrol,Manual,34546.04230079612
BMW,Model A,2012,1.1,163947,Electric,Automatic,17790.078019741508
Ford,Model A,2019,2.8,113828,Electric,Manual,27146.601288212063
Honda,Model B,2014,3.3,123852,Petrol,Automatic,27965.77515400161
Ford,Model B,2000,1.7,132698,Electric,Automatic,17083.781990138225
Audi,Model A,2021,4.2,90815,Electric,Automatic,35063.59836264381
Ford,Model E,2002,3.9,194894,Petrol,Automatic,18065.121117127106
BMW,Model B,2005,2.6,164714,Electric,Manual,20533.020196029116
BMW,Model D,2021,2.4,38311,Diesel,Manual,34307.45018860794
Ford,Model D,2013,1.8,32356,Electric,Manual,29780.256125996588
BMW,Model E,2003,3.6,3809,Electric,Automatic,26262.431889401723
BMW,Model B,2017,1.5,174443,Electric,Manual,23845.10840555782
Audi,Model D,2014,3.4,34875,Petrol,Manual,30013.577715065694
Honda,Model B,2008,3.9,9465,Diesel,Automatic,30012.547540020983
Audi,Model B,2017,1.8,197167,Diesel,Automatic,20886.395924753404
Toyota,Model D,2002,4.0,73844,Electric,Automatic,22311.592178104456
Audi,Model A,2009,1.1,196322,Petrol,Manual,12412.864779280546
Ford,Model D,2016,4.2,86889,Petrol,Manual,33502.99808500944
Honda,Model E,2006,1.4,15250,Diesel,Automatic,22633.00091527371
Ford,Model C,2014,3.3,46023,Petrol,Manual,29759.370550849813
Toyota,Model D,2000,1.9,101350,Electric,Automatic,16271.066439802702
Honda,Model B,2010,3.9,177696,Electric,Manual,22401.890926595406
BMW,Model B,2016,2.8,16427,Petrol,Automatic,30766.84411921527
Audi,Model D,2004,1.5,164348,Electric,Manual,18340.767738884846
Ford,Model C,2006,3.0,71643,Diesel,Manual,23236.84170280647
Toyota,Model D,2018,2.4,134511,Electric,Manual,29503.558295522016
BMW,Model C,2014,3.3,78672,Petrol,Automatic,30944.942798394204
Audi,Model C,2002,4.1,17300,Diesel,Automatic,26386.106017011043
BMW,Model E,2014,2.4,60289,Electric,Automatic,28425.173269592357
Audi,Model B,2004,2.0,148254,Diesel,Manual,18625.992659194268
Honda,Model B,2011,1.1,181984,Petrol,Automatic,19284.01440751678
BMW,Model C,2019,3.0,157981,Electric,Manual,28481.88401544286
BMW,Model B,2004,2.4,19659,Electric,Automatic,25190.31531302548
BMW,Model A,2002,2.3,162475,Diesel,Automatic,14567.40380071618
Honda,Model C,2008,1.6,164658,Electric,Manual,19248.87664902724
Toyota,Model B,2008,2.5,10360,Electric,Manual,27008.987249084952
Audi,Model A,2006,4.4,21424,Electric,Automatic,24150.39001597226
BMW,Model E,2001,2.0,98035,Electric,Automatic,19378.806954119093
Honda,Model B,2020,3.1,48791,Petrol,Manual,31292.229897522517
Toyota,Model A,2015,3.7,134137,Electric,Manual,26276.373846292627
Audi,Model D,2008,3.6,199867,Diesel,Automatic,20218.692271633387
Honda,Model D,2012,2.2,12300,Petrol,Manual,25677.705913260117
Audi,Model A,2018,3.1,33370,Diesel,Automatic,32809.582954226775
BMW,Model C,2019,4.0,27209,Diesel,Automatic,34506.13511145146
Toyota,Model C,2016,1.1,20927,Diesel,Automatic,26399.210028226214
Honda,Model B,2005,2.5,34579,Petrol,Manual,24863.533650036403
Toyota,Model D,2003,1.8,9032,Petrol,Automatic,20268.0075647344
BMW,Model C,2000,2.4,93254,Petrol,Automatic,19288.553556780807
Toyota,Model C,2017,2.5,78413,Electric,Manual,29520.547827006718
Toyota,Model D,2018,3.6,171803,Diesel,Manual,27220.34731923514
Ford,Model E,2008,1.3,113528,Petrol,Manual,21501.368415097284
Toyota,Model C,2012,2.8,184839,Diesel,Automatic,23688.754765104233
Audi,Model A,2007,3.0,123916,Petrol,Manual,22141.504545928503
Honda,Model B,2012,2.7,72302,Petrol,Manual,28975.798969017902
Ford,Model C,2014,3.6,181026,Petrol,Automatic,23978.52966869796
Honda,Model C,2010,2.3,85757,Diesel,Automatic,22913.228252901445
Honda,Model E,2011,4.3,156174,Electric,Automatic,24505.79876320584
BMW,Model A,2013,2.7,165505,Petrol,Automatic,23158.70517974332
BMW,Model B,2003,3.0,15932,Petrol,Manual,27873.755696344637
Ford,Model C,2000,3.9,25714,Petrol,Automatic,25517.225709627583
BMW,Model B,2003,2.0,57803,Electric,Manual,20262.536256793614
BMW,Model D,2018,1.3,170815,Diesel,Automatic,24947.770093640756
BMW,Model C,2008,3.5,133624,Diesel,Automatic,20449.16697730669
Honda,Model C,2009,2.7,56627,Diesel,Manual,24734.23923104735
Ford,Model D,2003,4.1,177059,Diesel,Manual,21632.618756453976
Honda,Model E,2019,4.4,79810,Petrol,Manual,36842.41449307512
Audi,Model C,2008,2.4,45380,Electric,Automatic,26492.36252844079
Honda,Model B,2012,2.5,160322,Petrol,Automatic,22483.67511632766
Audi,Model A,2011,2.4,199416,Electric,Manual,18747.46965961865
Toyota,Model B,2010,2.1,64686,Diesel,Manual,26061.842316098522
Toyota,Model E,2011,3.7,120321,Electric,Automatic,26142.685342021625
Audi,Model A,2017,3.7,45028,Petrol,Manual,31139.53729197091
Audi,Model B,2011,2.7,146367,Petrol,Manual,21963.66246325903
Honda,Model B,2015,1.2,113141,Diesel,Automatic,21508.05800663881
Audi,Model D,2004,2.1,55248,Petrol,Manual,22464.831228761654
Ford,Model E,2019,2.0,10523,Petrol,Automatic,32297.5289460852
Toyota,Model D,2011,3.8,45530,Electric,Automatic,33092.26639729553
Toyota,Model A,2020,1.3,13769,Petrol,Automatic,29716.755748618758
Audi,Model D,2010,3.8,194114,Diesel,Manual,21532.746490393023
BMW,Model E,2008,3.3,112035,Diesel,Manual,26516.61264302641
BMW,Model C,2017,3.6,175717,Petrol,Manual,29524.328700915783
Audi,Model C,2002,2.5,193214,Diesel,Manual,16288.721954797329
Ford,Model A,2019,3.4,156629,Electric,Automatic,26961.423657103594
BMW,Model C,2016,3.1,79782,Electric,Automatic,28264.864665458095
Audi,Model D,2013,3.7,78382,Petrol,Manual,25294.76637027943
Ford,Model A,2000,2.6,168157,Petrol,Manual,13936.613401808594
Ford,Model E,2016,2.7,181780,Electric,Manual,23514.124847007217
Honda,Model A,2007,3.3,182429,Diesel,Manual,19616.578267971356
Ford,Model A,2004,1.4,110939,Petrol,Automatic,19499.865947990053
BMW,Model B,2004,2.5,144542,Petrol,Manual,18382.494426341666
BMW,Model B,2008,4.4,78712,Diesel,Automatic,26412.285406725583
Audi,Model A,2002,1.1,118643,Petrol,Manual,16950.538518690646
Audi,Model C,2018,2.1,107417,Diesel,Manual,31839.680490946932
Ford,Model B,2008,2.1,137877,Diesel,Manual,19671.451665206947
Toyota,Model E,2021,3.2,128256,Diesel,Automatic,29764.975042690756
Honda,Model D,2017,1.4,193100,Diesel,Manual,22338.851162425362
Toyota,Model B,2015,3.2,181844,Diesel,Automatic,22664.56321686147
Ford,Model A,2000,1.3,183176,Electric,Automatic,14986.715073270767
Ford,Model C,2001,1.3,101422,Diesel,Manual,13870.819777764144
Toyota,Model D,2013,3.5,89300,Electric,Automatic,27219.545965462763
Honda,Model B,2013,2.1,6630,Diesel,Automatic,28746.058204982895
Toyota,Model C,2000,4.4,124474,Petrol,Automatic,21878.615490507214
Audi,Model C,2015,1.1,98869,Electric,Manual,19813.58740002017
BMW,Model C,2014,2.6,15701,Petrol,Automatic,33120.429789322196
Audi,Model A,2014,1.4,145931,Diesel,Automatic,22331.88516990167
BMW,Model E,2011,2.2,152255,Diesel,Manual,23532.912890998254
Ford,Model C,2015,4.5,171510,Petrol,Manual,30150.571474927743
Honda,Model D,2013,4.1,97285,Diesel,Automatic,27354.622443325887
Toyota,Model B,2014,1.2,117556,Petrol,Automatic,17533.491998554404
Honda,Model D,2014,3.0,173316,Diesel,Automatic,25626.932150593664
Toyota,Model A,2018,3.3,15021,Diesel,Automatic,33276.18465965322
Audi,Model A,2007,1.7,186637,Electric,Manual,14301.81300825588
Audi,Model D,2001,1.5,179115,Petrol,Manual,14696.84930608102
Toyota,Model E,2001,4.2,64361,Diesel,Automatic,29609.06386426452
Honda,Model A,2009,4.4,132317,Petrol,Manual,25466.33700972334
Toyota,Model A,2002,4.5,172083,Electric,Automatic,22298.082614604635
Ford,Model D,2016,3.8,10355,Petrol,Manual,32107.244413061064
Audi,Model A,2007,3.3,98841,Electric,Manual,20784.434469100896
Ford,Model E,2003,2.2,179764,Petrol,Automatic,17739.680938645983
Audi,Model E,2013,1.6,180076,Petrol,Automatic,20788.346343616537
Audi,Model E,2020,1.3,160786,Electric,Automatic,22629.294330681852
BMW,Model B,2009,3.4,17198,Diesel,Automatic,32852.53861605079
Ford,Model E,2000,3.7,66951,Diesel,Manual,19523.472060686192
Ford,Model E,2003,3.9,132724,Diesel,Manual,19203.73984815596
BMW,Model B,2000,4.2,174697,Petrol,Automatic,17579.414810494927
Honda,Model C,2016,4.1,18740,Petrol,Manual,33550.20598535879
Ford,Model A,2016,4.5,3810,Diesel,Manual,38740.20941505724
Toyota,Model E,2006,1.9,123743,Petrol,Automatic,19711.245875621524
BMW,Model A,2019,3.7,147641,Petrol,Automatic,28132.042020800465
Ford,Model D,2014,3.1,99855,Diesel,Manual,24667.236464418227
Honda,Model A,2012,1.9,26783,Electric,Automatic,29634.11708368306
Ford,Model B,2001,4.4,121701,Petrol,Automatic,19941.668233065524
Audi,Model A,2018,4.1,78047,Petrol,Manual,29748.427417279654
Toyota,Model A,2012,1.4,9471,Petrol,Manual,26525.933718105654
BMW,Model A,2010,1.1,110771,Petrol,Automatic,20987.838049310336
Audi,Model C,2021,3.4,6163,Electric,Manual,34551.564799679385
Honda,Model C,2014,3.1,194159,Diesel,Automatic,23906.08500591521
Audi,Model D,2009,4.3,62071,Petrol,Automatic,28430.497446038502
Audi,Model B,2008,1.8,16065,Diesel,Manual,27902.28787922317
Honda,Model A,2008,1.3,122323,Petrol,Manual,20494.071224166146
Audi,Model A,2019,1.9,117969,Electric,Automatic,29984.50868072827
BMW,Model A,2000,1.1,83456,Diesel,Automatic,16142.742148245023
Ford,Model A,2016,1.1,179420,Electric,Automatic,21916.94204881119
Audi,Model C,2011,4.2,19154,Petrol,Manual,28368.677556372637
BMW,Model D,2009,2.2,105703,Electric,Automatic,28398.167386151785
Ford,Model E,2004,2.4,20229,Electric,Manual,26376.443066942513
Ford,Model B,2017,1.1,52587,Petrol,Automatic,26478.03555555456
Audi,Model A,2014,1.9,49713,Petrol,Manual,26796.099578734298
BMW,Model D,2005,3.8,158069,Diesel,Automatic,20702.503852725462
Audi,Model E,2006,3.2,21101,Petrol,Manual,31025.02324620335
Honda,Model D,2016,3.6,40391,Diesel,Automatic,33977.54900068243
Ford,Model C,2005,2.6,72723,Electric,Automatic,22177.2133952293
Audi,Model E,2007,2.1,190477,Electric,Automatic,14698.519963751436
Ford,Model D,2011,2.7,166020,Diesel,Automatic,23991.209271015832
BMW,Model C,2020,2.1,100264,Petrol,Manual,29863.897852627248
Toyota,Model D,2013,3.9,184103,Petrol,Manual,25507.591394501196
Audi,Model D,2011,2.0,37921,Electric,Manual,26436.4611292362
Audi,Model E,2009,3.3,28460,Diesel,Manual,28077.76510217848
Ford,Model C,2021,1.5,152143,Electric,Manual,28263.297022959476
BMW,Model A,2019,3.4,197190,Electric,Automatic,28997.038478608953
Honda,Model B,2014,4.2,179354,Petrol,Manual,26712.54975128324
BMW,Model E,2006,3.1,91725,Diesel,Manual,25553.431729679818
Audi,Model C,2008,3.0,58445,Electric,Manual,26549.946328341422
Honda,Model D,2009,4.4,82208,Petrol,Manual,25449.62845506619
BMW,Model C,2009,3.2,185888,Electric,Automatic,18646.114487980707
Toyota,Model B,2015,1.9,106283,Electric,Automatic,27278.213806098876
Ford,Model B,2006,2.0,85779,Petrol,Automatic,24258.46069562238
BMW,Model A,2004,3.5,3060,Petrol,Automatic,29955.254016619238
BMW,Model A,2002,3.6,125806,Diesel,Manual,21601.804620174065
Toyota,Model B,2017,2.1,13731,Electric,Manual,33196.04791259053
Audi,Model E,2010,2.2,77830,Diesel,Automatic,24392.22541100154
Ford,Model E,2014,4.5,115871,Petrol,Automatic,30449.230673076603
BMW,Model D,2020,1.4,20719,Petrol,Manual,30354.685263759766
Honda,Model A,2019,2.4,178114,Electric,Manual,22280.728733700234
BMW,Model D,2004,1.2,49116,Diesel,Automatic,22673.343944994536
Ford,Model A,2011,3.9,26325,Diesel,Automatic,33533.998809322286
BMW,Model B,2003,1.3,153669,Electric,Automatic,20364.467560833433
Toyota,Model E,2014,3.4,198511,Electric,Automatic,23402.50800279199
BMW,Model E,2008,1.2,14551,Diesel,Manual,22576.83036324354
BMW,Model B,2006,3.4,93287,Petrol,Manual,23478.768525342373
Honda,Model D,2009,4.0,24278,Petrol,Manual,30014.317228949636
Toyota,Model D,2012,2.4,15141,Electric,Automatic,29339.945613255823
Toyota,Model C,2007,2.8,67913,Diesel,Manual,25646.102513476864
BMW,Model A,2011,2.4,33615,Diesel,Manual,28345.188584793337
Honda,Model D,2021,2.1,122058,Diesel,Automatic,29151.26451693051
BMW,Model B,2018,3.8,193823,Petrol,Automatic,26303.696095385163
BMW,Model D,2000,2.0,112684,Petrol,Automatic,12915.208194446448
Ford,Model E,2015,3.5,27452,Diesel,Automatic,32581.667657386897
Ford,Model A,2021,1.7,153797,Diesel,Automatic,25383.611522614377
Honda,Model C,2016,1.9,50391,Electric,Automatic,29380.983727641866
Audi,Model A,2017,2.2,120288,Electric,Manual,25162.63558884495
Ford,Model E,2010,3.1,113535,Diesel,Manual,24970.301448952778
Audi,Model E,2017,2.6,142770,Diesel,Manual,26673.984375057767
Toyota,Model E,2006,3.6,86711,Petrol,Manual,24544.365596538628
Ford,Model E,2017,1.7,77850,Diesel,Manual,28359.241204460563
Ford,Model B,2007,1.0,109733,Electric,Manual,19153.59986492969
Honda,Model C,2005,3.7,2365,Petrol,Automatic,29095.0676646302
Audi,Model E,2006,3.9,97662,Electric,Automatic,19071.482401886
Ford,Model E,2021,1.2,43372,Electric,Automatic,27443.625430348955
Ford,Model D,2009,3.1,44134,Petrol,Manual,25210.9683686807
Honda,Model C,2010,2.3,37823,Electric,Manual,27141.514435799338
Honda,Model A,2012,3.8,71158,Diesel,Automatic,31585.430466592996
Audi,Model C,2008,4.1,96076,Electric,Automatic,26159.369790567744
Toyota,Model C,2006,4.0,133021,Petrol,Automatic,25045.546358609736
Toyota,Model C,2008,3.7,49396,Petrol,Automatic,29226.70531265174
BMW,Model E,2012,1.9,108336,Petrol,Automatic,23662.986846940636
Ford,Model E,2002,3.8,31912,Electric,Manual,27152.353401663357
Audi,Model B,2002,2.9,56947,Diesel,Manual,23444.537437663676
Ford,Model A,2000,1.2,44387,Petrol,Manual,18896.089006414448
Audi,Model D,2020,2.6,195037,Diesel,Automatic,25230.31069933307
Audi,Model C,2019,4.3,16508,Petrol,Manual,39167.862819603455
Audi,Model A,2001,4.1,45592,Diesel,Automatic,26365.897946951394
Ford,Model A,2002,1.4,109249,Diesel,Manual,17773.492240077318
Honda,Model B,2014,3.6,1919,Diesel,Automatic,31349.14883766104
Ford,Model D,2005,3.8,42595,Petrol,Automatic,29802.00029852922
Audi,Model C,2012,1.9,140689,Electric,Manual,18951.45293800211
BMW,Model D,2020,2.7,33298,Electric,Manual,29322.973838803795
Toyota,Model B,2000,3.5,138001,Electric,Manual,19842.87137663502
Audi,Model E,2019,2.5,14456,Diesel,Manual,31015.679617770555
BMW,Model A,2018,1.4,109599,Petrol,Manual,27498.248005694888
Honda,Model C,2000,3.5,86676,Diesel,Automatic,18298.788749268035
Audi,Model E,2020,4.2,83721,Petrol,Manual,35137.56294502124
BMW,Model B,2021,3.3,37924,Diesel,Manual,35845.763869475806
Audi,Model D,2001,3.7,24240,Petrol,Automatic,25924.031928215813
Ford,Model A,2014,2.3,87381,Petrol,Manual,22031.806714839382
BMW,Model C,2013,1.6,9228,Petrol,Automatic,24791.99375936146
Ford,Model E,2018,3.2,21686,Diesel,Manual,33795.57055544985
Ford,Model E,2010,2.1,11920,Electric,Manual,27138.415999229106
BMW,Model A,2014,4.0,7432,Diesel,Automatic,35083.06056980601
Toyota,Model D,2005,1.4,194647,Diesel,Manual,14431.217416537525
BMW,Model B,2019,2.5,110507,Petrol,Manual,27664.288735495335
Toyota,Model D,2008,2.4,130509,Petrol,Manual,16421.914853082533
Audi,Model D,2004,4.3,71725,Electric,Manual,27658.614623545236
Audi,Model D,2019,1.5,164982,Electric,Automatic,21952.607630482187
BMW,Model A,2001,1.0,121764,Petrol,Automatic,14615.388152561552
Audi,Model A,2005,1.8,161298,Electric,Manual,14895.541913781697
Honda,Model B,2017,3.9,59099,Electric,Manual,29264.227872099305
Ford,Model D,2018,1.7,112557,Petrol,Automatic,28716.42565633024
Ford,Model A,2008,1.8,86760,Diesel,Automatic,23852.975389909778
Toyota,Model B,2020,1.5,18013,Electric,Manual,32723.341150708264
Audi,Model B,2005,3.5,21446,Petrol,Automatic,26994.678763801265
Toyota,Model D,2013,1.2,105209,Electric,Automatic,19163.70510806841
Ford,Model C,2012,2.2,193581,Electric,Automatic,23925.03951167561
Ford,Model D,2010,2.0,102261,Petrol,Automatic,23731.53326252679
Audi,Model C,2011,2.9,95739,Electric,Manual,25786.62840015399
Honda,Model B,2018,3.6,557,Electric,Automatic,34453.88395540584
Honda,Model A,2018,2.9,161738,Electric,Manual,21623.98749412477
Audi,Model E,2020,4.3,168461,Diesel,Manual,31460.067464553445
Audi,Model B,2018,4.3,178772,Diesel,Automatic,25545.99298619549
Toyota,Model A,2012,2.3,130878,Electric,Manual,24149.23832572451
Audi,Model B,2013,3.7,99143,Petrol,Manual,29484.517922247127
Honda,Model D,2017,3.6,24578,Electric,Automatic,34139.415243746305
Audi,Model C,2011,4.1,74779,Electric,Automatic,29900.99708066377
Toyota,Model B,2003,2.6,140668,Diesel,Automatic,21358.839503796593
Toyota,Model A,2009,2.9,57500,Diesel,Manual,24840.169176334057
Toyota,Model D,2016,2.5,72534,Diesel,Manual,28702.305180087013
Toyota,Model E,2003,4.0,10129,Electric,Manual,27543.33919064033
BMW,Model D,2011,1.8,194466,Electric,Manual,14697.569904355794
Audi,Model C,2012,1.8,197118,Petrol,Automatic,19316.766659734018
Ford,Model D,2003,2.3,11596,Electric,Manual,27022.70119304937
Audi,Model E,2009,1.8,65355,Electric,Automatic,26584.91831735439
BMW,Model A,2002,3.0,12974,Diesel,Automatic,29066.254418591463
Toyota,Model B,2014,1.5,197745,Diesel,Automatic,15565.311750821515
BMW,Model C,2001,2.1,112004,Diesel,Automatic,21357.055395762483
Honda,Model E,2016,4.2,126794,Diesel,Manual,29429.97952872076
Honda,Model C,2005,2.4,70202,Diesel,Automatic,25991.02501473992
Audi,Model D,2007,3.6,74442,Petrol,Manual,25188.33518160915
Audi,Model C,2002,1.4,152890,Petrol,Automatic,14093.89904241023
Ford,Model E,2017,1.9,174318,Petrol,Automatic,20153.554847546213
Ford,Model B,2021,3.8,55598,Diesel,Automatic,35872.05513281232
Honda,Model B,2000,3.7,133726,Diesel,Manual,20742.6521410635
Toyota,Model C,2015,2.4,33758,Diesel,Automatic,27378.08087553935
BMW,Model A,2006,4.3,24204,Petrol,Automatic,25061.526465974002
Ford,Model C,2002,4.2,127309,Diesel,Automatic,22865.04046864679
Ford,Model D,2003,4.4,166000,Petrol,Automatic,22058.340733889465
Toyota,Model B,2008,2.5,184681,Diesel,Manual,16792.04697654847
Toyota,Model B,2004,1.7,30552,Electric,Manual,20496.743173258077
Audi,Model B,2018,3.2,141408,Petrol,Automatic,28641.336358292494
BMW,Model A,2014,3.4,47037,Electric,Automatic,34160.93739664977
Toyota,Model A,2007,1.4,147278,Petrol,Manual,16946.119602183866
Ford,Model E,2005,3.8,34831,Diesel,Manual,25599.17213455413
Ford,Model C,2017,1.1,43563,Diesel,Manual,28119.566927501157
Honda,Model C,2018,2.7,18361,Electric,Automatic,33752.45612969614
Toyota,Model D,2014,2.2,41335,Diesel,Manual,27604.669808215178
Audi,Model B,2006,3.6,74469,Petrol,Automatic,29526.732166983908
BMW,Model A,2009,2.1,25816,Diesel,Manual,28212.570244283357
Audi,Model D,2005,3.9,146691,Diesel,Manual,21202.90858793667
Ford,Model D,2013,3.1,92479,Petrol,Automatic,23891.08405544359
Audi,Model A,2016,3.8,26819,Electric,Manual,35897.89357562975
Ford,Model C,2008,4.5,142813,Electric,Automatic,27243.212472430143
Ford,Model B,2018,3.4,122330,Diesel,Manual,28077.994260076466
Ford,Model C,2004,4.4,8798,Petrol,Automatic,30061.250915225086
Ford,Model D,2006,1.1,156215,Electric,Manual,16088.310205034983
Ford,Model B,2018,2.2,49695,Electric,Manual,30956.447762217937
Honda,Model E,2019,1.4,163819,Diesel,Automatic,21059.150937736635
Audi,Model D,2006,1.9,129544,Petrol,Automatic,16987.761759846308
Honda,Model C,2001,3.9,152254,Electric,Automatic,21309.027465521045
Honda,Model C,2015,1.1,9415,Diesel,Automatic,30104.479687019197
Toyota,Model C,2012,2.8,142157,Diesel,Manual,22510.56594875679
Toyota,Model A,2007,3.0,146080,Diesel,Manual,19697.757848077952
Toyota,Model D,2005,3.0,87638,Diesel,Manual,25413.232904289394
BMW,Model B,2005,2.7,18452,Electric,Manual,24546.874961369642
Toyota,Model C,2008,3.8,195147,Petrol,Manual,20953.472511971533
Audi,Model C,2003,1.5,139192,Diesel,Manual,16397.570043254695
Honda,Model A,2010,2.1,195457,Diesel,Automatic,15493.338109296163
Audi,Model B,2004,3.2,110205,Electric,Manual,22273.978534157337
Toyota,Model D,2016,3.4,18170,Diesel,Manual,33080.31390680832
BMW,Model E,2019,2.4,16259,Diesel,Automatic,33207.43255620322
BMW,Model A,2006,4.1,22099,Petrol,Manual,29411.511739306574
Honda,Model D,2014,2.5,140721,Diesel,Manual,28235.324818826746
Audi,Model E,2014,2.4,129394,Electric,Manual,26653.65646264646
Ford,Model C,2013,1.1,59258,Petrol,Automatic,24814.7180009096
Audi,Model C,2012,2.9,172109,Electric,Automatic,22455.028167699078
Toyota,Model B,2010,3.5,11805,Petrol,Manual,33936.98841550158
Ford,Model E,2012,1.4,43147,Petrol,Automatic,27368.825572010493
BMW,Model C,2021,2.1,74280,Diesel,Manual,27527.994279011105
Honda,Model C,2008,3.7,177125,Diesel,Manual,23441.646445614195
Honda,Model B,2009,2.3,106777,Diesel,Manual,25246.752164119887
BMW,Model D,2003,1.8,97841,Electric,Automatic,22443.38415155157
Toyota,Model C,2016,3.4,124726,Diesel,Manual,26760.716636785022
BMW,Model A,2013,1.7,128359,Diesel,Manual,21533.149009062065
Toyota,Model A,2017,4.1,76215,Petrol,Manual,30005.61995710534
Ford,Model D,2010,1.4,112909,Diesel,Manual,21770.804928672267
BMW,Model E,2015,3.5,95365,Diesel,Manual,30197.4851649114
Toyota,Model B,2000,2.7,10985,Diesel,Automatic,22824.09162664499
Ford,Model A,2006,4.0,12391,Diesel,Manual,29096.819404661677
BMW,Model A,2009,1.4,4861,Petrol,Automatic,21949.514408761872
Honda,Model D,2008,3.4,194654,Diesel,Manual,23086.1981008053
BMW,Model E,2002,3.0,183000,Petrol,Automatic,13720.047256999806
Audi,Model E,2021,2.7,34364,Electric,Manual,33931.35950438561
BMW,Model D,2013,2.7,82399,Diesel,Manual,27256.559666744695
Audi,Model A,2014,3.5,42923,Diesel,Automatic,30945.465937063193
Ford,Model B,2001,4.3,138991,Diesel,Automatic,21288.04375667938
BMW,Model A,2013,1.3,186968,Petrol,Manual,16728.03764855433
Ford,Model E,2015,1.1,85818,Diesel,Automatic,23752.96959161101
Ford,Model A,2006,3.8,178468,Diesel,Automatic,22614.501304504338
Toyota,Model B,2003,1.4,165912,Electric,Manual,17534.71100087327
Ford,Model C,2017,4.5,173327,Petrol,Manual,26991.848122850122
Ford,Model A,2004,3.2,71160,Petrol,Manual,20721.160939046174
BMW,Model D,2005,3.3,128165,Electric,Manual,20134.402297405908
BMW,Model C,2006,1.7,139248,Petrol,Manual,22142.99418970576
Honda,Model D,2014,1.8,33529,Diesel,Automatic,26485.26102002555
Toyota,Model D,2000,3.3,187478,Diesel,Manual,16031.69265948044
Ford,Model D,2003,4.2,144013,Electric,Automatic,24531.174724039647
Toyota,Model A,2000,4.4,1669,Petrol,Manual,26662.757989325786
Audi,Model E,2010,1.7,117373,Petrol,Manual,21200.279220704644
Ford,Model C,2017,1.5,44859,Petrol,Automatic,29846.04658151262
Toyota,Model B,2013,1.2,55786,Electric,Manual,28534.31373505901
Honda,Model E,2021,4.0,182155,Diesel,Automatic,27101.146270610043
Honda,Model A,2010,2.0,171148,Electric,Automatic,22226.790488242365
Ford,Model D,2009,1.0,20323,Diesel,Automatic,23920.792580271354
Audi,Model B,2016,1.8,6021,Electric,Manual,28527.092589070126
Honda,Model C,2003,2.2,39807,Diesel,Manual,23408.762860615116
Honda,Model E,2014,4.5,128305,Petrol,Manual,26269.613884462808
Audi,Model E,2015,2.8,50355,Petrol,Manual,30526.27286292576
Toyota,Model B,2020,1.7,113415,Petrol,Manual,33028.54602226908
Honda,Model A,2012,2.2,175804,Electric,Manual,22821.001630507388
BMW,Model C,2008,2.2,8711,Electric,Automatic,26754.650724419756
Honda,Model B,2010,1.1,194151,Electric,Manual,18596.853815348866
Toyota,Model D,2010,1.5,7904,Petrol,Manual,24741.756542765474
Toyota,Model C,2005,3.4,64033,Diesel,Manual,23571.00072799566
Ford,Model E,2000,1.4,86478,Petrol,Manual,17321.77044957747
BMW,Model B,2021,1.8,120035,Petrol,Automatic,27273.812399699673
Toyota,Model E,2005,2.2,186168,Diesel,Automatic,14004.994361580464
Audi,Model E,2012,3.7,3093,Diesel,Automatic,31632.395015779137
BMW,Model E,2021,3.0,24918,Diesel,Automatic,33964.92256602789
BMW,Model A,2021,3.4,193708,Diesel,Automatic,29698.544695677265
Audi,Model E,2004,3.0,189878,Petrol,Manual,14919.408967330337
Honda,Model D,2014,3.4,140466,Electric,Automatic,23004.602918828856
Audi,Model D,2017,1.0,124501,Petrol,Automatic,23626.367885209133
Audi,Model C,2019,4.3,92510,Diesel,Manual,34776.253205454785
Honda,Model E,2013,1.4,93708,Electric,Manual,24717.78602808103
Honda,Model E,2014,2.4,97819,Electric,Automatic,26514.403786845945
Honda,Model B,2004,3.7,144352,Petrol,Manual,20605.18393999694
Honda,Model A,2003,2.5,36303,Petrol,Manual,25037.059858589662
Honda,Model C,2001,4.3,27453,Petrol,Automatic,28381.128439633416
Audi,Model E,2006,2.6,108886,Electric,Manual,21241.078267630648
Ford,Model B,2009,4.1,60695,Electric,Automatic,26768.00097962714
Ford,Model A,2015,3.8,199521,Electric,Automatic,22239.70580929438
Toyota,Model C,2009,4.4,156837,Diesel,Manual,26215.61855609533
Ford,Model C,2017,4.2,133412,Diesel,Automatic,26140.853357804892
Ford,Model E,2016,4.1,38057,Petrol,Automatic,36651.268350594226
Audi,Model C,2020,3.6,131669,Electric,Manual,28704.298613010793
Honda,Model B,2012,2.3,189060,Petrol,Manual,20766.063860608476
Honda,Model C,2000,1.4,94655,Electric,Manual,18470.670115954184
Audi,Model D,2000,3.4,15025,Petrol,Manual,23681.37856994183
Ford,Model B,2014,4.4,7145,Diesel,Automatic,33522.95431468951
Audi,Model A,2000,3.5,101206,Electric,Manual,21203.640003891152
Toyota,Model A,2005,4.3,186869,Diesel,Manual,19049.108361568786
Honda,Model E,2012,3.8,41723,Electric,Automatic,28378.566473334846
BMW,Model E,2000,1.6,73230,Petrol,Automatic,16582.93551064051
Toyota,Model D,2004,1.9,135902,Electric,Automatic,20423.192572180425
Toyota,Model A,2008,2.2,155002,Diesel,Automatic,20445.74969343067
Audi,Model A,2016,1.6,154824,Electric,Manual,20872.465882247303
Ford,Model A,2015,3.0,108138,Petrol,Manual,28838.61891246819
Honda,Model A,2007,4.4,62040,Electric,Automatic,26722.489506334234
BMW,Model C,2016,3.7,108668,Diesel,Automatic,25065.775596685184
Toyota,Model B,2014,2.5,198768,Petrol,Automatic,22455.217982320704
BMW,Model B,2000,1.0,195720,Diesel,Automatic,14506.461903619813
Ford,Model D,2011,2.1,55030,Electric,Manual,27064.579343038033
Ford,Model C,2004,2.8,56815,Diesel,Automatic,19984.57609712983
BMW,Model A,2005,2.1,112789,Electric,Manual,20013.439199558492
Honda,Model A,2000,1.4,166762,Petrol,Automatic,12912.744000494074
Ford,Model E,2000,2.5,57923,Diesel,Manual,21860.274325287784
BMW,Model E,2009,1.9,167644,Diesel,Manual,17223.26144626241
Toyota,Model D,2009,4.2,185102,Electric,Manual,21977.945499812922
BMW,Model A,2002,1.4,67904,Diesel,Manual,16564.634033954575
BMW,Model D,2016,1.2,160275,Diesel,Automatic,21829.79156488277
Audi,Model C,2018,1.0,77088,Petrol,Manual,23379.808161454923
Ford,Model B,2010,2.1,5608,Electric,Automatic,28794.44897144587
Honda,Model A,2017,3.3,45667,Electric,Manual,30315.555621993906
Honda,Model C,2001,3.6,55547,Petrol,Manual,17639.82091740691
Audi,Model A,2008,2.6,153557,Petrol,Automatic,22109.666286198266
Honda,Model E,2016,3.4,140934,Electric,Automatic,27741.3800384248
BMW,Model D,2013,2.3,128391,Petrol,Manual,26386.3340955414
Audi,Model E,2003,3.3,75948,Petrol,Manual,19122.362985660187
Toyota,Model B,2016,1.1,71880,Petrol,Automatic,24296.900920327233
Ford,Model E,2016,2.4,57560,Electric,Manual,29185.18592112373
Ford,Model A,2011,3.8,115063,Petrol,Automatic,27490.26178607263
Ford,Model E,2019,3.8,94218,Diesel,Automatic,28463.332124521134
BMW,Model A,2017,3.5,114462,Diesel,Automatic,29639.81991545443
Toyota,Model B,2002,1.7,159487,Electric,Manual,14282.096182781224
Audi,Model E,2010,1.9,195595,Petrol,Manual,14310.09267302652
Audi,Model D,2017,4.5,150395,Diesel,Automatic,27478.88802589669
Ford,Model D,2003,1.4,184286,Electric,Automatic,15114.454273227715
Toyota,Model D,2016,1.6,17997,Diesel,Automatic,25673.5538552674
Toyota,Model E,2017,1.5,121266,Petrol,Automatic,25710.80367921752
Toyota,Model E,2004,2.1,188075,Electric,Manual,16363.006004803525
Honda,Model E,2013,1.7,3679,Diesel,Automatic,28208.33184570986
Honda,Model A,2009,2.7,40308,Electric,Manual,23614.2049800315
Ford,Model B,2014,2.7,170914,Diesel,Automatic,19744.4023531317
Toyota,Model D,2000,4.2,196480,Diesel,Manual,16779.03670973529
Toyota,Model A,2015,1.1,185010,Petrol,Manual,17199.61995623003
Audi,Model D,2010,2.1,5695,Petrol,Manual,27247.732789018726
Audi,Model A,2019,3.1,58499,Diesel,Manual,33587.414314696594
Ford,Model E,2005,3.1,23382,Electric,Manual,25984.857565168146
Toyota,Model D,2021,2.7,14235,Electric,Automatic,33587.36012453767
Ford,Model E,2015,3.9,193295,Petrol,Automatic,24035.944448670376
Audi,Model D,2001,1.2,133438,Diesel,Manual,17254.90386193008
Audi,Model C,2000,3.9,158539,Petrol,Automatic,21459.78977497134
Honda,Model A,2008,2.7,190388,Diesel,Automatic,19724.467424347018
Ford,Model C,2021,1.5,112468,Diesel,Automatic,27149.783034796783
Ford,Model A,2011,4.1,6764,Petrol,Automatic,32820.925229711924
Toyota,Model B,2016,3.3,113831,Electric,Automatic,30764.353804506172
Toyota,Model D,2014,1.6,61836,Petrol,Automatic,27060.70552017444
Honda,Model B,2018,1.1,31923,Diesel,Automatic,31648.72781951309
BMW,Model B,2021,1.5,95711,Petrol,Manual,26876.28029602585
BMW,Model A,2009,3.1,16292,Electric,Automatic,26214.261960597112
BMW,Model C,2011,1.6,124913,Electric,Automatic,20116.23103206856
Ford,Model E,2013,1.8,132686,Diesel,Automatic,21340.10613849594
Ford,Model A,2008,1.1,20939,Petrol,Manual,27362.10585547259
Audi,Model E,2012,3.5,18800,Electric,Manual,32532.827489072028
Ford,Model B,2002,3.8,56440,Petrol,Automatic,23503.086951364774
Ford,Model E,2020,3.8,154318,Electric,Manual,30500.922353865393
Ford,Model C,2013,1.4,127521,Diesel,Manual,21664.787777816036
Honda,Model A,2020,4.2,183877,Diesel,Automatic,31475.253384153933
Ford,Model C,2009,3.4,121327,Petrol,Manual,23566.24751062191
Toyota,Model C,2015,4.1,49648,Diesel,Automatic,29139.821485842822
Toyota,Model A,2006,2.6,115192,Electric,Manual,21066.897866998635
Audi,Model C,2003,2.5,187923,Diesel,Automatic,15437.541335845408
Honda,Model D,2019,3.7,162760,Electric,Manual,25075.546704103363
Toyota,Model D,2010,1.3,93498,Electric,Automatic,23096.923514556613
Honda,Model D,2015,2.8,29764,Diesel,Automatic,33461.2376606341
Honda,Model E,2019,3.9,32470,Electric,Manual,32431.531352554266
Audi,Model C,2003,3.9,169573,Electric,Automatic,21766.770785844346
Honda,Model A,2021,4.3,57207,Petrol,Automatic,34026.38834535573
Ford,Model A,2021,3.4,62157,Petrol,Manual,33142.712886753456
Honda,Model E,2016,1.7,134288,Petrol,Automatic,23426.05555120308
Audi,Model A,2012,1.1,153144,Diesel,Automatic,19493.37826986215
Audi,Model D,2010,2.7,93778,Petrol,Manual,25657.26534399011
Audi,Model C,2002,2.8,130016,Electric,Automatic,17050.834719104532
Toyota,Model A,2008,1.8,124288,Diesel,Manual,22972.200218212456
Ford,Model A,2005,1.4,168204,Diesel,Automatic,16896.885513433524
Toyota,Model B,2021,3.1,110573,Diesel,Manual,31842.515552679455
BMW,Model B,2020,3.7,120730,Diesel,Manual,28803.36809414977
Ford,Model B,2010,4.5,148933,Electric,Automatic,23323.802277925504
Honda,Model C,2015,3.7,64186,Electric,Manual,33056.12686374881
Audi,Model D,2018,3.8,4960,Petrol,Automatic,33036.5015082724
BMW,Model D,2004,3.2,18781,Diesel,Automatic,26759.560482450885
Ford,Model D,2013,4.5,31126,Petrol,Manual,34981.69166337588
Toyota,Model C,2016,3.2,153650,Electric,Automatic,25463.89606179028
Audi,Model C,2002,4.0,106034,Diesel,Automatic,25038.454126059263
Toyota,Model B,2003,4.3,17883,Electric,Manual,27662.73339241233
Ford,Model A,2015,4.3,29782,Petrol,Automatic,31056.06400243794
Ford,Model E,2015,2.3,56387,Electric,Automatic,29028.995082217636
BMW,Model E,2020,1.3,148051,Diesel,Manual,24594.04206742891
Honda,Model A,2003,1.6,33746,Diesel,Automatic,27388.65248761482
Toyota,Model B,2018,1.2,66266,Petrol,Automatic,25196.48226777396
BMW,Model A,2016,1.4,56,Diesel,Manual,29293.5057893413
Audi,Model A,2012,1.6,31457,Electric,Automatic,25165.41875963256
Honda,Model E,2021,2.2,133315,Electric,Automatic,26949.280836856407
BMW,Model B,2000,2.9,186103,Electric,Manual,15129.245135187266
Toyota,Model C,2011,3.5,132773,Electric,Automatic,23116.750355878983
Ford,Model E,2003,1.7,187453,Petrol,Automatic,15463.825219393777
Audi,Model C,2010,3.4,181510,Electric,Manual,21296.212255821072
Toyota,Model B,2004,3.5,73839,Petrol,Manual,26999.01593576784
Honda,Model A,2001,3.0,80636,Electric,Automatic,20171.0857534227
Honda,Model D,2016,4.2,107697,Petrol,Automatic,33737.89614263645
Ford,Model D,2007,1.4,66483,Electric,Manual,22527.598012750295
Ford,Model B,2005,1.6,20505,Electric,Automatic,26217.416879170196
Audi,Model D,2020,2.5,137625,Petrol,Automatic,27349.656931245736
Audi,Model C,2008,1.4,33525,Diesel,Automatic,22562.441200288053
Ford,Model D,2012,3.0,96008,Diesel,Manual,25672.558159681736
Ford,Model B,2010,2.4,44348,Diesel,Automatic,23809.063578324625
Honda,Model B,2015,2.0,7273,Petrol,Automatic,29913.282767612985
Ford,Model C,2015,1.6,64236,Diesel,Manual,26832.38575226366
BMW,Model D,2001,2.2,134607,Diesel,Manual,17261.095591370893
Toyota,Model D,2009,3.1,149749,Petrol,Manual,24872.864450273726
Ford,Model A,2011,3.0,107157,Diesel,Automatic,24843.882337874187
Audi,Model E,2007,1.6,908,Diesel,Automatic,21866.612814315566
BMW,Model B,2010,1.4,108352,Diesel,Manual,28470.530021919563
Audi,Model A,2009,1.1,95967,Petrol,Automatic,19520.432917033355
BMW,Model B,2012,1.0,88989,Petrol,Automatic,24488.04021758249
Ford,Model A,2016,4.1,35079,Diesel,Automatic,30437.55665791036
Toyota,Model E,2006,1.2,111889,Diesel,Automatic,19295.97434693671
Audi,Model A,2002,3.6,49323,Petrol,Manual,23144.758383857265
BMW,Model B,2019,4.1,176392,Diesel,Manual,22235.130083510947
Honda,Model D,2012,1.3,89909,Petrol,Automatic,22538.930009914908
Ford,Model B,2018,2.5,46105,Diesel,Manual,30594.619283539007
Toyota,Model C,2006,4.4,161236,Petrol,Automatic,22300.428152687666
Ford,Model C,2008,3.9,132957,Electric,Automatic,24638.376696567433
Honda,Model C,2018,2.7,188891,Electric,Manual,23416.4338265483
Toyota,Model C,2012,3.7,1049,Petrol,Manual,32485.849632273097
Honda,Model E,2021,3.9,53281,Electric,Automatic,34976.17400330859
Ford,Model D,2007,2.2,43271,Diesel,Automatic,24666.09382245913
BMW,Model D,2021,4.1,66697,Petrol,Automatic,34023.598335595845
Ford,Model B,2017,2.6,197423,Petrol,Automatic,21041.542979408783
Ford,Model A,2001,2.8,36534,Diesel,Manual,24462.19120800823
Ford,Model B,2017,4.5,93034,Diesel,Manual,31282.305305400278
Audi,Model B,2017,4.0,58097,Petrol,Automatic,31867.498548904205
Honda,Model B,2010,2.3,184885,Diesel,Automatic,20380.33862100852
Honda,Model B,2000,1.0,25037,Petrol,Manual,20172.066054003128
Honda,Model D,2013,3.2,167079,Diesel,Automatic,22149.60935755684
Audi,Model A,2015,3.5,27278,Petrol,Manual,34637.41728587654
BMW,Model B,2010,3.3,139344,Diesel,Automatic,21254.35203017524
Ford,Model D,2000,4.4,188255,Diesel,Manual,16324.30091217851
BMW,Model B,2006,4.0,99173,Electric,Automatic,26378.057935686917
Audi,Model C,2015,2.6,38294,Electric,Automatic,33287.57119482889
Honda,Model B,2013,1.2,73277,Electric,Automatic,23081.345615541126
Ford,Model B,2014,2.7,193581,Diesel,Manual,22546.592745466292
Toyota,Model E,2013,3.4,4694,Petrol,Manual,29680.57288346329
Toyota,Model C,2020,3.1,58150,Diesel,Automatic,30434.52936782139
BMW,Model A,2010,2.9,67470,Electric,Automatic,28690.896383441363
Honda,Model B,2015,2.6,21556,Diesel,Automatic,31353.726061514273
Toyota,Model A,2018,2.0,195543,Electric,Automatic,24549.309510281553
BMW,Model C,2016,2.0,180927,Electric,Manual,24126.267508872705
Audi,Model B,2005,2.8,49086,Petrol,Manual,20466.600613765255
BMW,Model E,2010,1.6,149979,Petrol,Manual,17309.141319888822
BMW,Model D,2016,2.2,179559,Electric,Automatic,22971.00160315562
BMW,Model E,2008,2.1,160230,Electric,Automatic,15794.32003811888
Ford,Model E,2017,3.1,151365,Diesel,Manual,24023.139914791842
BMW,Model D,2016,1.2,176833,Electric,Automatic,23412.28480882082
BMW,Model D,2011,3.9,99468,Diesel,Manual,26243.46824677823
Ford,Model D,2021,3.0,33387,Electric,Manual,35251.24715724207
Ford,Model B,2021,3.3,171822,Petrol,Manual,27452.563459695324
Audi,Model A,2004,3.5,68602,Petrol,Manual,23210.02749141077
Honda,Model A,2010,2.0,152328,Electric,Automatic,17055.181454598933
Toyota,Model D,2003,2.6,136666,Diesel,Manual,19333.304213128755
Toyota,Model E,2003,4.3,2460,Diesel,Automatic,31886.211078137727
BMW,Model C,2002,3.7,72356,Diesel,Manual,22479.14504046849
Audi,Model D,2016,4.4,54698,Electric,Manual,33202.29670845772
BMW,Model E,2006,3.6,101746,Electric,Manual,21073.122393296017
Toyota,Model E,2003,1.6,16191,Petrol,Manual,21546.099617499905
Ford,Model B,2012,1.2,84631,Petrol,Automatic,23850.21331892312
Honda,Model B,2011,3.0,10529,Electric,Automatic,31460.981640799626
Audi,Model A,2000,2.3,32175,Petrol,Automatic,23103.147499916373
Ford,Model A,2020,2.0,17675,Diesel,Automatic,28053.147378505528
Honda,Model C,2018,3.8,174230,Diesel,Manual,25974.630321730514
Audi,Model C,2020,2.3,46798,Electric,Automatic,29325.53777941075
Audi,Model C,2019,2.1,70910,Diesel,Automatic,28536.443448365913
Toyota,Model C,2017,4.0,130400,Electric,Manual,28757.617129025308
Ford,Model E,2010,4.0,157048,Diesel,Automatic,26280.303782390474
Audi,Model E,2019,2.2,194188,Electric,Automatic,23781.07407338705
Audi,Model A,2002,3.9,78678,Diesel,Automatic,26701.763945774168
Honda,Model B,2016,4.0,62821,Diesel,Automatic,30459.92937114564
Toyota,Model B,2011,2.5,12204,Petrol,Manual,26055.64688415636
BMW,Model D,2009,1.2,186737,Petrol,Manual,19473.63528164093
Toyota,Model E,2007,1.0,7394,Petrol,Automatic,24997.210475801265
BMW,Model C,2014,2.8,64814,Petrol,Manual,26872.756465282208
Ford,Model C,2004,2.2,33593,Petrol,Automatic,24595.995757020573
Ford,Model D,2003,4.5,173036,Petrol,Automatic,22518.719134398863
Audi,Model B,2020,3.7,115064,Electric,Automatic,30885.181626015183
Ford,Model C,2019,3.7,53365,Electric,Manual,31773.677143946923
Audi,Model B,2018,4.3,131515,Petrol,Manual,29141.724390288648
Toyota,Model D,2020,4.1,159252,Electric,Manual,29818.642995699603
Ford,Model B,2003,2.1,179863,Petrol,Manual,16104.625910711375
Toyota,Model B,2014,1.6,174737,Electric,Manual,22887.67011557083
Toyota,Model B,2016,3.6,103700,Diesel,Manual,28463.17957519594
Ford,Model C,2011,2.3,97077,Electric,Automatic,22318.62880324897
Toyota,Model A,2002,2.7,134537,Electric,Manual,23827.258659140065
Ford,Model E,2009,3.2,68247,Electric,Automatic,26836.626398975473
Ford,Model B,2014,4.2,182631,Diesel,Automatic,26936.975515779075
Ford,Model B,2009,2.5,156270,Petrol,Manual,21730.196744051762
BMW,Model B,2017,3.7,54740,Electric,Automatic,32536.148877121777
Toyota,Model A,2000,1.9,153560,Electric,Automatic,14666.512538513665
Honda,Model D,2002,3.4,169587,Diesel,Automatic,12713.018593284161
Ford,Model C,2020,1.0,27898,Petrol,Manual,27478.657518404358
Toyota,Model A,2011,4.1,132991,Electric,Manual,26708.68842683459
Audi,Model B,2000,1.1,181142,Diesel,Automatic,6704.953523986209
Ford,Model A,2002,3.5,62613,Petrol,Manual,24012.586785420557
Ford,Model A,2002,1.2,96707,Petrol,Automatic,18887.111021728648
Honda,Model A,2004,1.9,111777,Electric,Manual,20877.707234206868
BMW,Model D,2018,2.7,47003,Electric,Automatic,32246.160494929412
BMW,Model E,2000,2.5,48478,Electric,Automatic,23492.883903234226
Ford,Model C,2003,1.7,145506,Electric,Manual,19835.922766483756
Toyota,Model D,2003,2.2,177318,Diesel,Manual,18226.33587081837
Audi,Model D,2016,3.5,167721,Diesel,Manual,26007.61279780386
Audi,Model E,2013,3.3,59030,Electric,Manual,28879.260290454495
Toyota,Model D,2017,1.3,184133,Petrol,Manual,21122.62574910538
Ford,Model A,2000,3.6,133071,Electric,Automatic,18995.453696650562
Audi,Model A,2021,1.2,145921,Petrol,Automatic,26839.111464491252
BMW,Model B,2015,2.9,52800,Petrol,Automatic,30804.200416601976
Toyota,Model D,2002,1.9,5445,Petrol,Manual,22765.597091106545
Honda,Model B,2020,3.1,149112,Diesel,Manual,30392.575567224194
Ford,Model C,2008,1.9,195387,Petrol,Automatic,16446.89229193078
Toyota,Model A,2003,4.4,246,Petrol,Automatic,27396.156707853446
Audi,Model C,2020,2.1,31153,Diesel,Automatic,31620.864906698407
